{"is_empty": false, "is_all_missing": false, "n_obs": 2828, "is_unique_key": false, "pct_na": {"last_name": 0.09158415841584158, "middle_name": 1.0, "first_name": 0.09158415841584158, "street_address": 0.01874115983026874, "house_number": 0.0, "zip_code": 0.0, "state": 0.0}}